{"count":1,"self":69.4542848,"total":69.6634681,"children":{"InitializeActuators":{"count":14,"self":0.001001,"total":0.001001,"children":null},"InitializeSensors":{"count":14,"self":0.0020017999999999998,"total":0.0020017999999999998,"children":null},"AgentSendState":{"count":3156,"self":0.015016199999999999,"total":0.042043199999999996,"children":{"CollectObservations":{"count":540,"self":0.0170179,"total":0.0170179,"children":null},"WriteActionMask":{"count":209,"self":0.0010008,"total":0.0010008,"children":null},"RequestDecision":{"count":209,"self":0.0090083,"total":0.0090083,"children":null}}},"DecideAction":{"count":2825,"self":0.15512769999999998,"total":0.15512769999999998,"children":null},"AgentAct":{"count":2825,"self":0.0080068999999999991,"total":0.0080068999999999991,"children":null}},"gauges":{},"metadata":{"timer_format_version":"0.1.0","start_time_seconds":"1701202388","unity_version":"2021.3.30f1","command_line_arguments":"E:\\Unity\\2021.3.30f1\\Editor\\Unity.exe -projectpath E:\/Unity\/UnityProjects\/Core Classics\/Core-Classics -useHub -hubIPC -cloudEnvironment production -hubSessionId 6d058500-8e20-11ee-9d0b-471cce71db91","communication_protocol_version":"1.5.0","com.unity.ml-agents_version":"2.0.1","scene_name":"PPGameWon","end_time_seconds":"1701202458"}}